condition,max_hit_rate,min_hit_rate,max_fa_rate,min_fa_rate,max_hit_rate_participant,min_hit_rate_participant,max_fa_rate_participant,min_fa_rate_participant
0,0.9778997622143963,0.8310666579217376,0.16850623572362594,0.02318748913238229,6,2,5,6
1,0.9739957152096648,0.8286918387268306,0.1670481634963798,0.026542669757078276,6,2,2,6
2,0.7951628964016777,0.6231455344572867,0.3687610587585697,0.198173577767119,6,5,5,6
3,0.7845589325912393,0.606543839987579,0.3882313088979634,0.18927306723648582,6,5,2,6
