condition,max_hit_rate,min_hit_rate,max_fa_rate,min_fa_rate,max_hit_rate_participant,min_hit_rate_participant,max_fa_rate_participant,min_fa_rate_participant
0,0.9778565221791939,0.831256443876577,0.1687116357914352,0.023264700493536034,6,2,5,6
1,0.9740460864573349,0.8287676396113229,0.16706485250968445,0.026478845097517037,6,2,2,6
2,0.7950328501765291,0.6230127988718553,0.3687590538287935,0.19826832354298385,6,5,5,6
3,0.7843739138021623,0.6063685304016917,0.38782419099148524,0.18961122054383214,6,5,2,6
