condition,max_hit_rate,min_hit_rate,max_fa_rate,min_fa_rate,max_hit_rate_participant,min_hit_rate_participant,max_fa_rate_participant,min_fa_rate_participant
0,0.9778662950968152,0.8309048325535014,0.1686994620034667,0.023179781497789126,6,2,5,6
1,0.9740954982037924,0.8287393827491669,0.16705461749311498,0.02643705587416819,6,2,2,6
2,0.795393455255971,0.6230529730596137,0.36836422705216215,0.1980979190527484,6,5,5,6
3,0.784213516602603,0.6066932164095553,0.38818642556492716,0.18949864143764608,6,5,2,6
