condition,max_hit_rate,min_hit_rate,max_fa_rate,min_fa_rate,max_hit_rate_participant,min_hit_rate_participant,max_fa_rate_participant,min_fa_rate_participant
0,0.9778969445261901,0.830926998796831,0.16854337164620511,0.023113830181269446,6,2,5,6
1,0.9740025690315202,0.8286817573334447,0.16709387976782503,0.026602909686584148,6,2,2,6
2,0.7949883228028627,0.6233836759415434,0.36872860624841347,0.1981554799855876,6,5,5,6
3,0.7844347563234676,0.6063627309104207,0.388049009485287,0.18932032532596924,6,5,2,6
