condition,max_hit_rate,min_hit_rate,max_fa_rate,min_fa_rate,max_hit_rate_participant,min_hit_rate_participant,max_fa_rate_participant,min_fa_rate_participant
0,0.9779138412619397,0.8311012342268136,0.16877551523659992,0.023219519368983543,6,2,5,6
1,0.9739731503489997,0.8288235604046262,0.16705869828884679,0.02658112535460424,6,2,2,6
2,0.7953683831846499,0.6234509863731095,0.3684120480727662,0.19831979989646545,6,5,5,6
3,0.7845071060004326,0.6066265282005281,0.38776835517999564,0.18938562799593261,6,5,2,6
