condition,max_hit_rate,min_hit_rate,max_fa_rate,min_fa_rate,max_hit_rate_participant,min_hit_rate_participant,max_fa_rate_participant,min_fa_rate_participant
0,0.9778830145700086,0.8308639715288668,0.1687883321146147,0.023136300111737427,6,2,5,6
1,0.973975692984377,0.8287997494089926,0.1672896045127791,0.026529954316095967,6,2,2,6
2,0.7954375352740344,0.62319146344542,0.3687786500039295,0.19832526469018083,6,5,5,6
3,0.784468512358064,0.6063738051631382,0.38820182669272296,0.1893641757252692,6,5,2,6
